t,x0,x0_t,x0_t_gt
0.0015007503751875,24.79595739524188,1865.29997518555,-7.751937434797037
0.0045022511255627,26.936637946050173,-438.8931681636309,-7.152872681481478
0.0075037518759379,22.16128104808651,192.19797331900372,-8.608620145687544
0.0090045022511255,23.787782043430614,315.24941492988955,-8.06423507436515
0.0112556278139069,21.90231984540777,-600.7481876136599,-8.699899532700817
0.0135067533766883,21.0830628395672,-349.8767019863117,-8.996976107782139
0.0172586293146573,19.858259466177508,1593.360374741169,-9.464550813585817
0.0187593796898449,23.401958658202464,1468.0222392059195,-8.188845596047623
0.0217608804402201,22.445971447734763,-834.0920347321589,-8.509729225566382
0.0225112556278139,21.7233681895982,3293.158000034491,-8.763714190361643
0.0232616308154077,27.388179551838608,897.6690714494871,-7.037656465316475
0.0240120060030015,23.070545385370373,-5173.090655027219,-8.298131583932532
0.0307653826913456,23.440614505776765,-590.2490493547193,-8.176233811826922
0.0322661330665332,22.33967489804004,-2658.69063484453,-8.546474032096086
0.033016508254127,19.62238657416121,-650.3901128914986,-9.557807768405016
0.0337668834417208,21.36360169209986,2010.0759581650336,-8.89382917984667
0.0360180090045022,23.792399120882656,-4578.7252229258265,-8.062760947523394
0.036768384192096,18.94151700911555,-3608.6002320063035,-9.832791277141771
0.0382691345672836,22.098220999927427,1836.6833694264924,-8.630731447750607
0.040520260130065,25.33214922972932,-1147.03515773636,-7.593702500719777
0.0420210105052526,21.025825388718147,-543.9843671927847,-9.018202080647486
0.0435217608804402,23.6993797434078,1900.7955577712892,-8.092537762169501
0.044272136068034,25.170455889595527,1235.024083201218,-7.640844346092846
0.0472736368184092,20.16786611289133,2035.5574449541054,-9.3437127617307
0.0487743871935968,26.00080895591354,1669.6954405774322,-7.404033338825803
0.0502751375687843,25.179458230682805,-1534.4714162055025,-7.638206642518167
0.0517758879439719,21.395091848743395,1198.826796646379,-8.882343223787137
0.0525262631315657,23.69053826786725,3317.3400854939373,-8.095376569956438
0.0532766383191595,26.373591226673284,-613.5161912936328,-7.301985750618261
0.0540270135067533,22.769803613599663,30.842117243762914,-8.39909981033813
0.0547773886943471,26.41987754569844,3271.253964234258,-7.289499759674104
0.0570285142571285,23.02522584176031,-603.9664699655259,-8.313237411078873
0.0585292646323161,23.023288421730317,103.31793676953293,-8.313884053371474
0.0607803901950975,23.609101738187128,-698.4600404494668,-8.121593684333586
0.0622811405702851,21.60171665127617,-1038.4479330866707,-8.80743922880819
0.0630315157578789,20.93472457910946,276.4491732040224,-9.052112547307264
0.0645322661330665,24.847336468995085,203.55265629030237,-7.736538426766335
0.0660330165082541,21.545688029705605,-1699.1310613860685,-8.827671048464916
0.0720360180090045,23.372631500975867,-312.1959129004181,-8.198432677742819
0.0742871435717859,22.149378300155227,-2818.12740841553,-8.612787977723201
0.0750375187593797,19.46575814546459,-289.2747487887318,-9.620304773158582
0.0757878939469734,21.715249112377627,2521.0716132746393,-8.766623756003405
0.0787893946973486,23.55838533673084,-31.858404852755484,-8.137984409415788
0.0802901450725362,23.025884011089047,-369.3643162204535,-8.313017753571039
0.0817908954477238,22.44973806443332,-160.0482945279664,-8.508431081796049
0.0832916458229114,22.545498934967085,1901.7632172406938,-8.47551748960081
0.084792396198099,28.15788178801721,238.36074158294923,-6.85022506105045
0.0862931465732866,23.260938879688297,-1624.033192418019,-8.235094081743432
0.088544272136068,25.139303837784148,10.967661860100634,-7.649983843875887
0.0900450225112556,24.33190783860512,-1204.3082126466516,-7.893289475090157
0.092296148074037,19.370926329366807,3920.476621952428,-9.658365209104852
0.0930465232616308,23.84458433793294,3182.9463201212493,-8.046127477186795
0.0945472736368184,20.280375956040757,-374.1649305555702,-9.30024313365333
0.096048024012006,22.721528018106312,-668.6788830152364,-8.41546649081624
0.0967983991995998,21.35859993916607,-927.9762380507409,-8.89565526958216
0.0982991495747874,22.632330192667563,932.3444873458561,-8.445822588171113
0.1013006503251625,25.932707213791744,-5371.44121644296,-7.422961716084924
0.1020510255127563,20.68818838692462,-3866.4505287056872,-9.144659903710613
0.1035517758879439,24.258532449595076,-3286.610652418145,-7.916014104535119
0.1043021510755377,19.666659806643395,-884.7618021912331,-9.54022466796667
0.1050525262631315,22.93072584300493,3783.1511962504646,-8.344860796770305
0.1058029014507253,25.34422538380769,-2748.5001342956293,-7.590201630618049
0.1065532766383191,18.8059132352576,-7233.821854284961,-9.888581506879364
0.1103051525762881,19.421304021133864,4598.162919866882,-9.638125528984489
0.1110555277638819,23.537105225997166,4732.56224022053,-8.144876297795774
0.1163081540770385,20.729893800764856,6641.0035733040895,-9.128924167648522
0.1170585292646323,26.48232017514168,3592.765433739314,-7.272720178630724
0.1185592796398199,19.64814689557031,-2456.9748034527333,-9.547572636235008
0.121560780390195,24.861004865206212,-4360.345952818698,-7.73245026407027
0.1223111555777888,20.445331976703677,-299.2140402625082,-9.236937192857363
0.1230615307653826,24.411959282021,4192.913464793273,-7.868613722093533
0.125312656328164,26.46741226667176,-4541.4471437809225,-7.27671948149117
0.1260630315157578,21.695309598427983,-4560.552972299507,-8.773774571028243
0.1275637818909454,20.25096551867889,-180.5084767533881,-9.31158344683486
0.1283141570785392,20.408877915457023,708.3764588491431,-9.250883618973944
0.1298149074537268,22.96651703752031,435.00107746544745,-8.332863819246198
0.1305652826413206,22.816728279664467,709.9464056381839,-8.383233296119593
0.1313156578289144,24.0319693721449,1385.179651763372,-7.986825760783802
0.132816408204102,25.40743164848148,-3086.3592900630138,-7.571923401756909
0.1335667833916958,21.589674932502987,1861.3063209703178,-8.811782493127502
0.1343171585792896,28.200787808016734,4109.423459131507,-6.840109744336379
0.1358179089544772,20.25799270025072,-2190.0569987596355,-9.308872382691584
0.136568284142071,19.77864483026416,-11.752507367120415,-9.495912398838694
0.1380690345172586,21.64312357068861,2251.7885971881624,-8.792525176562059
0.1388194097048524,23.711533322137463,1681.7885762437772,-8.088637924910868
0.1410705352676338,20.239514579802137,-550.1695149573311,-9.316003155522427
0.144072036018009,22.55887918267186,-3288.919329571574,-8.470932388722884
0.1448224112056028,19.329014571357323,-68.99823680526788,-9.675239469222518
0.1455727863931966,22.455330052899072,2390.691443620488,-8.506504327058918
0.1463231615807904,22.91684565232855,-1562.573334991619,-8.349519858638281
0.1470735367683842,20.110297534152263,-2034.7685464585056,-9.366046391662316
0.1485742871435718,22.17545102830484,-1899.240698425965,-8.603661905307327
0.1493246623311656,19.52144801171595,-2508.807984596815,-9.598031555675698
0.1523261630815407,24.334551035564527,746.3210474116695,-7.892472772602982
0.1560780390195097,23.11431151531404,8083.860072677224,-8.283580377582243
0.1568284142071035,30.44223471834469,72.62561861885843,-6.360606766552179
0.1575787893946973,23.223304439704524,-3988.4317507314754,-8.24750015134417
0.1583291645822911,24.456594272024297,551.3199898403745,-7.85490783198404
0.1590795397698849,24.05069812130589,-982.4035665521515,-7.980935249855406
0.1605802901450725,21.2512551609132,1466.229362834969,-8.934958914248881
0.1613306653326663,23.601449100800615,2043.8103648559368,-8.124063774732276
0.1635817908954477,20.85319867303299,1958.732823642962,-9.082590720089016
0.1650825412706353,26.973925007553778,-6783.432256086966,-7.143211171588577
0.1658329164582291,17.808564546386954,-8823.530574132827,-10.309300617918586
0.1680840420210105,20.845307779233867,1003.3457036956006,-9.085547307258466
0.1695847923961981,22.00526318896419,574.8767395875084,-8.66346260441726
0.173336668334167,22.30457360109723,-885.0343886716546,-8.558654696969011
0.1748374187093546,20.397181967961856,-1297.8804123091036,-9.255363457606808
0.177088544272136,17.384583708560736,4477.460628361052,-10.493660536754556
0.1778389194597298,22.199017327094563,4596.5545192453565,-8.59542415946928
0.1793396698349174,23.63612561094241,-2869.145811952283,-8.112879886597302
0.1800900450225112,20.047444799663964,-3188.290369264089,-9.39050051649087
0.1823411705852926,23.63660429388946,-4099.27947368308,-8.11272566077565
0.1830915457728864,19.1364786557786,-4367.824806093187,-9.753175086884442
0.1853426713356678,20.307521099788204,-36.923890923616455,-9.289790609576247
0.1875937968984492,18.970238026307616,4571.402675341975,-9.821018408675704
0.188344172086043,23.692514554574164,4130.685931915018,-8.09474189832272
0.1905952976488244,18.386796572796843,1466.4540685545562,-10.06315669265203
0.192096048024012,24.412862609551148,1408.9077416159862,-7.868335966157439
0.1935967983991996,22.61563421646665,230.95076966888155,-8.451521299044579
0.1943471735867934,23.324890905410605,-1985.8541793415752,-8.214073931011876
0.1950975487743872,19.63536281175192,-1211.9977215297695,-9.552650488536676
0.195847923961981,21.50598487009829,1821.4929068387728,-8.8420434758541
0.1988494247123561,18.912093569955186,6454.176658778008,-9.844867866275427
0.1995997998999499,25.12802930258177,6597.487053182395,-7.653296151266224
0.2026013006503251,24.684869284144305,-6653.595617634757,-7.785403394929933
0.2033516758379189,18.471700460601703,-409.6668210995722,-10.027530560009597
0.2041020510255127,24.07006164867721,2069.483611741627,-7.974852080145295
0.2048524262131065,21.577478767367538,-3089.3195997930034,-8.816184240812415
0.2056028014007003,19.43376410021346,639.7893269734141,-9.633126840206817
0.2063531765882941,22.53764283986391,2246.5617946077646,-8.478211164851116
0.2078539269634817,20.23671324968129,-723.4506010891,-9.317084754712294
0.2108554277138569,22.9261190443268,2288.958465309399,-8.346406723660206
0.2116058029014507,24.90500322941265,1131.4899233958508,-7.719314621720645
0.2138569284642321,17.283549125983864,3011.4180476556066,-10.53807534031599
0.2146073036518259,21.143301869608745,3625.9547447346067,-8.974703339393644
0.2153576788394197,22.72520206955758,825.360834218126,-8.41421934538813
0.2168584292146073,20.11358301461625,204.17993930495504,-9.364770133404228
0.2176088044022011,20.99630511873985,176.9399547958801,-9.029173389184432
0.2183591795897949,20.37912571816184,-553.061915718119,-9.262284464374696
0.2191095547773887,20.166297241223912,258.2966102036944,-9.344320584022398
0.2206103051525763,22.18052735299426,1053.3738838405134,-8.60188656054665
0.2221110555277639,23.32799974399685,-877.4985404270701,-8.213054069920362
0.2228614307153577,22.053451948416832,-133.30468530743565,-8.646474666139166
0.2236118059029515,23.12794268750745,450.0943843567529,-8.279055727618907
0.2243621810905452,22.728931264610186,-2348.191173204954,-8.412953742186055
0.225112556278139,19.6038939033078,-2784.140605428703,-9.565162904236898
0.2273636818409204,22.659429805996357,116.56708940164208,-8.436584079971636
0.228864432216108,21.592977354502622,1956.630640930307,-8.810591088753947
0.2296148074037018,24.06190109373584,-1016.5219708531713,-7.977414901658129
0.2303651825912956,20.06743162535829,-1048.0289251975883,-9.38271625830665
0.2311155577788894,22.489071291038105,544.6695470240938,-8.494891084565532
0.2318659329664832,20.884844652407956,-1095.3084138899249,-9.070745206123355
0.232616308154077,20.845286777946665,1837.9317163007472,-9.085555177647857
0.2333666833416708,23.64312136521549,1471.4407678593016,-8.110626371230756
0.2341170585292646,23.05355206237784,-650.823579395063,-8.303791219300809
0.2371185592796398,22.71942359819947,-381.2962682872021,-8.41618094442157
0.2386193096548274,21.94460993770959,-1035.9097165806197,-8.684906766061632
0.2393696848424212,20.97233193096793,-1136.2168190224006,-9.038095117167757
0.2416208104052026,19.491767086988887,6003.229682513687,-9.60989531080057
0.2423711855927964,25.662507090788583,-273.69204922776225,-7.498931605944723
0.2431215607803901,19.08102364142638,-4683.673916380141,-9.775749670436248
0.2438719359679839,18.63348170352614,3049.32764807728,-9.960013155041544
0.2446223111555777,23.657303253348275,2825.007620701719,-8.106060857151531
0.2453726863431715,22.87311295020207,-763.9115802327979,-8.3642230877208
0.2461230615307653,22.51086266270375,-240.17438584942283,-8.487402222506569
0.2468734367183591,22.5126711505281,-718.8612879177435,-8.4867811167877
0.2483741870935467,19.26894315657952,1103.5251081716633,-9.699481807392363
0.2491245622811405,21.321961945154836,302.08308628107625,-8.909045747801953
0.2498749374687343,19.722294461653675,1258.247536034749,-9.518181007527325
0.2506253126563281,23.21027740693786,3727.620784630846,-8.251800709045595
0.2543771885942971,19.9241281412108,554.580180718418,-9.438693123576453
0.2558779389694847,21.61511300372581,371.8440336772728,-8.80261057018873
0.2566283141570785,21.610900592886388,-342.06559470312004,-8.804128552421913
0.2581290645322661,20.08768502747565,-1197.548984012803,-9.374835767741851
0.2596298149074537,18.016456418760903,-182.11795272420477,-10.220099958260176
0.2611305652826413,19.541057855717156,1225.3271612270928,-9.590202276910931
0.2626313156578289,21.69427681263913,2648.059973844949,-8.774145157760536
0.2633816908454227,24.13652982285894,756.7440702127333,-7.954024768117515
0.2641320660330165,22.829960759931883,-2300.7759917484527,-8.378766546921934
0.2648824412206103,20.68363939001983,-1237.2885787472005,-9.146378238677508
0.2656328164082041,20.97309946116169,-1188.2682469736264,-9.037809310600275
0.2663831915957979,18.90034537255065,-1764.8852245237085,-9.849694274199145
0.2686343171585792,21.66321919284776,650.2041798304526,-8.785298695632678
0.2701350675337668,22.061598884097496,1969.7707622981288,-8.643606954528646
0.2708854427213606,24.17910461919942,1351.4658852415832,-7.940728272797845
0.2723861930965482,21.79372048178035,-1359.5614685309438,-8.738554525900128
0.2738869434717358,20.09837985122259,780.5258876663866,-9.370677552138678
0.2746373186593296,21.40074589793125,568.28815713718,-8.880282894409289
0.2753876938469234,20.951238516260883,-185.4622399148102,-9.045954027316965
0.2761380690345172,21.122413371795968,115.05806922910051,-8.982418945298788
0.2776388194097048,20.95573427134742,836.0204209860422,-9.044278315965895
0.2783891945972986,21.93839751680403,1363.5525715009517,-8.687107097101368
0.28064032016008,25.37254050730295,-5719.126434565176,-7.582003963820952
0.2813906953476738,19.268981635634844,-1791.702815257524,-9.6994662574462
0.2821410705352676,22.683641835080547,1312.850603086783,-8.428341697800152
0.2828914457228614,21.2392426707826,-1682.7263576389628,-8.939370664125038
0.2851425712856428,19.08672187407573,255.05155685416685,-9.773427417040203
0.2858929464732366,19.581069997914987,-1790.1050851490963,-9.574249466803115
0.2866433216608304,16.400220995913,93.59010911126279,-10.93423009718499
0.2873936968484242,19.721525389277563,3853.4214665281133,-9.51848533872556
0.2926463231615808,18.90227404055832,1708.5994304748056,-9.84890176180653
0.2948974487243622,24.547422855929,-732.8285677314307,-7.827134180666666
0.295647823911956,23.1869889333515,-1631.0400364936054,-8.259496826229915
0.2986493246623312,20.47609222745376,-472.54326753177565,-9.225188382094045
0.3039019509754877,21.95245708612394,-245.1058902184377,-8.682128481118525
0.3061530765382691,20.893053551794083,688.4132768628588,-9.06767556742778
0.3069034517258629,21.699522711299217,803.6194672879574,-8.772263019245361
0.3076538269134567,22.09908576883454,-2262.1452272292518,-8.630427719770662
0.3084042021010505,18.30460741280608,-2274.1674058473836,-10.097769816922533
0.3099049524762381,23.24364807422532,-640.3687795594669,-8.240790613491415
0.3106553276638319,21.288112644233788,-2791.0878047028673,-8.921439397328697
0.3114057028514257,19.05492200413596,1662.7108476243757,-9.786394784047967
0.3121560780390195,23.78342657263456,4384.5816372249465,-8.065626046272314
0.3144072036018009,20.7078606787831,3747.948715502298,-9.137233361070251
0.3151575787893947,24.799413849860343,2302.4907758714908,-7.750899915615147
0.3159079539769885,24.163324574538223,-3173.548389118225,-7.9456525159873905
0.3166583291645823,20.03670991421517,-1083.588736079575,-9.394684497894128
0.3174087043521761,22.537128372317746,2399.153599250232,-8.478387604614769
0.3189094547273637,23.337046532529826,-4083.7213228216024,-8.210087291691497
0.3196598299149575,18.540582261937217,-943.4858989122749,-9.998724732891729
0.3204102051025512,21.92110971575192,2756.462011005553,-8.693233956751131
0.321160580290145,22.677343659143464,-3349.377295220678,-8.430484690326386
0.3219109554777388,16.894530483304663,-3071.2490745139494,-10.710812173436588
0.3226613306653326,18.06816545827209,1455.6792654068295,-10.1980357178809
0.3241620810405202,19.927459169538704,2202.0951100223283,-9.437387625319396
0.324912456228114,21.94123203864564,1493.4434401390445,-8.68610306886014
0.3264132066033016,20.60999797154828,2522.68325425643,-9.17424932771632
0.3271635817908954,23.782244868551228,1302.2501581603415,-8.066003499624646
0.328664332166083,16.95631452088116,1469.8469808498885,-10.68319560485866
0.3294147073536768,20.3172021637828,2900.886631778122,-9.286066139429696
0.3316658329164582,16.190253583774275,319.22778232655764,-11.030453149774422
0.3339169584792396,21.75444580607346,-328.3718514646671,-8.752588615908728
0.3354177088544272,18.460131186240524,-1003.1653547939472,-10.032377295415705
0.3376688344172086,20.226711146181312,2259.2376905088786,-9.32094778106168
0.3384192096048024,22.290792358411775,1626.7068035952561,-8.563443338144143
0.3399199599799899,21.358310046937493,-764.5963915912798,-8.895761120716337
0.3429214607303651,18.203429363548544,825.3313803299789,-10.140550116465496
0.3436718359179589,19.174744642938048,1101.2542011742976,-9.737630964774878
0.3459229614807403,20.34915306196797,-1365.7031376753512,-9.273786495078063
0.3466733366683341,18.852276906790536,-1068.4920091833483,-9.869468349440284
0.3481740870435217,20.029162176499703,59.8082770214387,-9.39762755572939
0.3489244622311155,19.802258829706847,-298.6039303451589,-9.486598139936683
0.3511755877938969,19.15560918785461,-943.1208397789392,-9.745400639628414
0.3534267133566783,15.55609196727039,-678.2365809336688,-11.325817278149088
0.3579289644822411,20.793386619887844,6530.947568106425,-9.105030365916134
0.3586793396698349,26.365344053884343,1075.761010678887,-7.304214754446782
0.3594297148574287,22.407835360276373,-4316.737192051389,-8.522887683738633
0.3601800900450225,19.88699909332696,-2794.871343526973,-9.453258735428404
0.3609304652326163,18.2134311428772,-1992.4920477063424,-10.136312784140976
0.3616808404202101,16.89676590517336,1545.6501444795704,-10.709811773394255
0.3624312156078039,20.53306617711368,2501.330019695987,-9.203473987445166
0.3639319659829915,17.249480985932664,650.688202319725,-10.55309339743876
0.3646823411705853,18.802767706549023,1739.677955554759,-9.88987966921878
0.3676838419209605,20.058403621731248,-260.43637432277774,-9.386231468551829
0.3699349674837419,18.326127204938054,4578.637940217959,-10.088694994019807
0.3706853426713357,23.0995307667797,1861.0672870128801,-8.288490579600778
0.3714357178589295,21.119124634172,-2087.136466376046,-8.983634454940317
0.3729364682341171,19.64393665965809,-196.60674954751448,-9.549244611414393
0.3751875937968984,21.85664340300984,328.40051213841593,-8.716130632042606
0.3789394697348674,18.995883727944907,-367.9140923011364,-9.810519001007696
0.3796898449224612,18.77902578771286,-510.05695452051623,-9.899683864745098
0.380440220110055,18.2304155620812,-630.6539735650913,-10.12912140258905
0.3849424712356178,18.10484574855246,740.7802522919628,-10.18241390747786
0.3856928464232116,18.75684077317085,1052.4107891742206,-9.908854531329562
0.3871935967983992,20.887078334811356,438.8227744619726,-9.069909817212675
0.3886943471735868,20.073967660000186,964.0957375854996,-9.380172287020244
0.3894447223611806,21.36239560862663,973.5573074686113,-8.894269465845793
0.391695847923962,18.53294303768949,-995.0920395644889,-10.001915094641998
0.3946973486743371,16.59395210020565,3403.850508554562,-10.84614565655885
0.3954477238619309,19.90784523867077,2482.6916203898327,-9.44507769837496
0.3961980990495247,20.3198524809808,-1265.967124175626,-9.285046822175063
0.3969484742371185,18.007944602089037,489.9021303608897,-10.223736637590973
0.3976988494247123,21.055073286925108,-1006.8390946339805,-9.00734810152424
0.3984492246123061,16.49693045306355,-938.721090053692,-10.89017495736889
0.3991995997998999,19.64628725883052,2537.764171255335,-9.54831109736457
0.4007003501750875,18.474511632209904,961.0915678462043,-10.026353242726245
0.4014507253626813,19.84922443714118,1581.7871581284476,-9.46810393849944
0.4037018509254627,21.72001521892886,601.1745236430361,-8.76491561614355
0.4074537268634317,22.53812677114429,-8530.272030027707,-8.478045202241576
0.4082041020510255,14.824316939345858,-7852.926009586663,-11.675391079576348
0.4112056028014007,20.392457696045103,-1680.3213483977488,-9.257173695265704
0.4119559779889944,18.46835958997452,-1516.8690168920011,-10.02892990387685
0.413456728364182,19.33542677562512,2494.9248189285463,-9.672655717211446
0.4142071035517758,21.92685449776637,526.9228448946014,-8.691197361213849
0.4149574787393696,20.12620643279561,-1095.9865609969456,-9.359868386349198
0.4157078539269634,20.28205225514964,-880.5516403658148,-9.299597258761244
0.4164582291145572,18.80471822814456,-1324.588634757094,-9.889074665825843
0.4179589794897448,18.75042366442207,1421.2895444528003,-9.911508876931268
0.4187093546773386,20.363747918168507,1384.5163592366707,-9.268183612932766
0.4202101050525262,20.143891239916154,3049.1481684822866,-9.353006266706048
0.42096048024012,23.630863102868517,3513.6080214104077,-8.114575688648909
0.424712356178089,15.552294874966911,1868.4030241373584,-11.327607121051106
0.4254627313656828,17.557841527768442,2224.7367357775306,-10.417927607262213
0.4277138569284642,19.54056859802522,3444.07007302939,-9.590397527457863
0.428464232116058,22.76605855973307,391.03452974213724,-8.400367906814953
0.4292146073036518,20.12741381524704,-3188.56081532141,-9.359399708280524
0.4314657328664332,15.163813476208848,4202.471623630827,-11.5120566561767
0.432216108054027,19.919898535577,3481.805520655238,-9.440351090249491
0.4337168584292146,16.571521122465185,3779.8835222524904,-10.856310061892971
0.4344672336168084,21.663111686382525,3847.3587356274465,-8.785337335274606
0.435967983991996,18.618524628635686,1125.71497760302,-9.966235101441749
0.4367183591795898,20.64673427431642,3464.8184347753686,-9.160333055010554
0.4374687343671836,23.818352194581728,-593.2515724885743,-8.054482240119835
0.4382191095547774,19.75641175432356,-2625.7586865029043,-9.504691443966063
0.4389694847423712,19.8777438606604,244.04923845747544,-9.456893528682604
0.4412206103051526,20.98329682070464,-3149.576009393055,-9.034013149047922
0.4419709854927464,17.70930601773629,-989.2944468613896,-10.35216793195194
0.4427213606803402,19.498612808406403,479.1607506404689,-9.607157559097416
0.443471735867934,18.428406694035143,-605.4056792608944,-10.045680310522972
0.4449724862431216,19.98354275064571,410.58984837422304,-9.415438330958448
0.447223611805903,18.795209882006308,-1507.1633010714504,-9.89299953563657
0.4479739869934968,17.41932960770938,-233.75149746827628,-10.478429019226706
0.4487243621810905,18.444407234479964,1734.713733160006,-10.03896850044644
0.4494747373686843,20.02270189359228,842.399047780129,-9.400147429523368
0.4509754877438719,17.50221531818412,2502.333784707116,-10.442183012517049
0.4517258629314657,20.948870736719016,3645.2747482620143,-9.0468367264692
0.4554777388694347,16.842196965088203,2188.5754443362566,-10.73425826847546
0.4569784892446223,22.097572355448733,-277.01094802459556,-8.630959276790202
0.4577288644322161,20.47193529472436,-1997.0235665205255,-9.226775080844828
0.4584792396198099,19.10053848873458,-1677.7253974876712,-9.767799097018887
0.4599799899949975,17.032584653469552,5622.164362431658,-10.649198862942464
0.4607303651825913,23.87767206950005,1594.7561853523184,-8.035607844533764
0.4614807403701851,19.425915596969787,-3704.5120371772837,-9.6362751383849
0.4629814907453727,20.554297998048497,-172.89867376644543,-9.195397446129023
0.4637318659329665,20.077594085635496,-650.8311714884658,-9.378761144090443
0.4644822411205603,19.5775628732534,-1631.9497398710027,-9.575646566512445
0.4652326163081541,17.628444901236787,305.6940743244231,-10.387222556151944
0.4659829914957479,20.0363333699884,2548.4389479495317,-9.394831297066508
0.4697348674337168,17.207682260367676,727.7290152786773,-10.571547990142912
0.4712356178089044,19.18926186770716,2193.5278769440265,-9.731740975181843
0.4719859929964982,21.16282030410344,-2231.049371320889,-8.967501187780087
0.472736368184092,15.84101368663528,542.0935953550015,-11.192235430787612
0.4734867433716858,21.976367470719254,5592.0640770256,-8.67367014799247
0.4757378689344672,17.111936983979056,526.2464364002672,-10.613939687407004
0.4772386193096548,20.59018031731165,-501.42010589059646,-9.181767032837332
0.4779889944972486,19.15623967494706,-1734.285570478487,-9.745144531535807
0.4824912456228114,16.12077866793374,121.04466097598606,-11.062464552597424
0.4869934967483741,20.246186597191787,2613.3371469547237,-9.313427665580042
0.4877438719359679,22.41940584303084,531.843886526176,-8.518892512023598
0.4884942471235617,21.044351509437178,-1073.5691917010881,-9.011325123099844
0.4907453726863431,23.75288430836861,358.8645606964153,-8.075390177925971
0.4952476238119059,17.765848229602984,-589.8572751545048,-10.327726724613209
0.4982491245622811,17.47599139684796,-659.4560494143075,-10.453637267098156
0.5012506253126563,13.807132575289971,7242.999073805304,-12.176503542942404
0.5020010005002501,20.83014473757281,4867.537524260679,-9.091231919124487
0.5027513756878439,21.1120913410639,-415.15848638128864,-8.986234623824954
0.5042521260630315,18.11515716450243,-1668.2021314367385,-10.178026802026846
0.5057528764382191,16.104981391779024,244.01479878967803,-11.069755296855408
0.5080040020010005,22.0011467585377,-881.2974401031133,-8.664915792229065
0.5087543771885943,20.46427896408455,-610.847169609322,-9.229698342297567
0.5095047523761881,21.08441763956423,-277.4983752671669,-8.996474436647416
0.5102551275637819,20.0478231732884,-1441.6543778720193,-9.390353082422164
0.5117558779389695,17.70351099294488,-1326.3198142497085,-10.35467620891323
0.5192596298149075,16.597066735912996,3802.827496895894,-10.844734998649232
0.5200100050025013,19.74703331449044,2065.3416776864524,-9.508397409238126
0.5207603801900951,19.696629033591524,-1156.7731668273918,-9.52834306305053
0.5215107553776889,18.011005550367287,-1891.157030882785,-10.222428692834676
0.5252626313156579,17.579273276433245,3209.313331817557,-10.40859746216482
0.5260130065032517,20.486369479482462,2366.998460796262,-9.221266946424368
0.5282641320660331,15.636146620690242,3456.3485745348953,-11.288140596897732
0.5290145072536269,19.633137885008733,332.0933560011508,-9.553534541999026
0.5297648824412207,16.13453584930628,1405.2209981181986,-11.05611895928087
0.5305152576288145,21.74202382515611,5285.015913750321,-8.757033421812169
0.5327663831915957,18.8635697351078,-895.3263811317847,-9.86481895150195
0.5335167583791895,18.28762369906949,-940.0166493999659,-10.10493779059972
0.5342671335667833,17.45283939583821,-537.0119076698984,-10.46376013083621
0.535767883941971,18.3742141430159,2066.76914749567,-10.068447614767338
0.5365182591295647,20.47014888636919,2260.7760453727096,-9.227457050998154
0.5402701350675337,18.964687777160435,-4197.028249435618,-9.823292292163336
0.5410205102551275,15.245691189520713,-2038.8553831140016,-11.472962890064164
0.5417708854427213,15.904874795998843,2995.7274814606353,-11.162491096979418
0.5425212606303151,19.74153033128256,1850.5050582648073,-9.51057271797234
0.5432716358179089,18.6820209564763,-1025.538048624288,-9.93984983970822
0.5455227613806903,18.98314566228032,-0.0869959500105324,-9.815732475062571
0.5477738869434717,18.681629278862445,-843.7608116412243,-9.940012369816746
0.5500250125062531,15.184322598362844,14.134836021952651,-11.502253343467538
0.5522761380690345,18.74526786025193,704.8210250248499,-9.913642051767404
0.5560280140070035,15.90548936220104,909.9493628970285,-11.162205202775596
0.5575287643821911,18.271703508766382,1314.3621528455205,-10.11166170941503
0.5582791395697849,19.15954709263652,-922.3797744822969,-9.743801156724867
0.5590295147573787,16.887441716146622,-411.9744104488782,-10.713985146421168
0.5597798899449725,18.541276341587675,1820.6969115549555,-9.998434918280646
0.5642821410705353,16.383872861208733,-102.67431888374995,-10.941693849316506
0.5657828914457229,16.41813299557939,5771.701100673014,-10.926057838239496
0.5665332666333167,22.905979906216004,1733.2170625510498,-8.353169623283522
0.5672836418209104,19.019259152485773,-2967.598241918624,-9.80095963429843
0.5680340170085042,18.452355731251387,-299.86188972627224,-10.035636061994486
0.5695347673836918,19.369915885655427,495.35905801241574,-9.658771644958517
0.5732866433216608,20.14000497707138,-3689.900211214368,-9.354513728076173
0.5740370185092546,16.786629937583882,-1991.1020313146355,-10.759206950666336
0.5755377688844422,21.23568873393719,1505.674553322299,-8.940676414435996
0.5785392696348174,16.997303453377107,2003.2123906373272,-10.66491210697687
0.5792896448224112,19.141153625180497,1896.8322420382783,-9.751274603396729
0.5807903951975988,19.10576803468757,-295.99083543297365,-9.76566971613147
0.5830415207603802,17.51960427331618,127.00069374509985,-10.434594641785656
0.583791895947974,17.82290891710436,366.5522344703513,-10.303120496706192
0.5852926463231616,18.260000552173334,-2320.5962382086564,-10.116607437395446
0.5860430215107554,15.538750887043165,231.4351091970475,-11.333993434392136
0.5867933966983492,18.607326879132387,3203.6674306035716,-9.970895913661415
0.5890445222611306,19.83757354105698,-313.44207358157655,-9.472688023389164
0.5897948974487244,19.387280594491717,-752.2614702104602,-9.651789582465804
0.5905452726363182,18.708616857399456,-1088.2401152976618,-9.928820245242571
0.591295647823912,17.754103833164557,-979.0366361774336,-10.332798618441371
0.5942971485742872,18.333416230266064,73.09665020549983,-10.085623163783414
0.59879939969985,17.85271202594413,-21.196225568644877,-10.29029214553497
0.5995497748874438,17.847508945148384,5.30934606159758,-10.29253057432848
0.6018009004502252,17.94214469087374,51.47146047935075,-10.25189439385618
0.6048024012006002,18.134383828727024,-1320.683859439312,-10.16985180560028
0.605552776388194,16.883608384137588,1210.1993197334687,-10.715701344804192
0.6063031515757878,19.950590911868805,-500.790510557772,-9.428327517737731
0.6070535267633816,16.132046837527625,-1713.9887211613604,-11.057266783914203
0.6078039019509754,17.378321695518583,1745.9564733045827,-10.496407937369652
0.609304652326163,20.25395676067396,-1333.983343760654,-9.310429322671526
0.6100550275137568,18.03356599165301,-2208.095647549356,-10.21279389078656
0.6123061530765382,18.134280683782787,1101.8008329047698,-10.169895643797345
0.613056528264132,19.225442171344262,-227.9166930612264,-9.717078722357815
0.6138069034517258,17.792234621159633,195.3833918754226,-10.316340763546853
0.6145572786393196,19.518663870006726,-714.8716319647574,-9.599143709598724
0.6153076538269134,16.719390751277555,-2977.9507648924546,-10.789470444843076
0.6183091545772886,16.816153373918798,47.54801464844377,-10.745944499513186
0.6220610305152576,17.066348843171667,-333.0499904167136,-10.63418228748658
0.624312156078039,15.776698718862766,444.348956743288,-11.22226386707684
0.6258129064532266,17.461304657800124,1480.621670098304,-10.460057693577063
0.6273136568284142,20.220785772684604,583.4043122283119,-9.323237167029015
0.6288144072036018,19.212393138725528,-2092.914555144571,-9.72236411623124
0.6295647823911956,17.1087845693137,-1527.5222398221777,-10.615338252598177
0.6310655327663832,18.64593012339941,336.52710161541654,-9.954837916640903
0.6325662831415708,18.11887091733396,-458.995432765425,-10.17644722183798
0.6333166583291646,17.734007542901246,116.97778049197586,-10.34148316447391
0.6340670335167584,18.294425365295908,476.59084446300244,-10.102066513140572
0.6370685342671336,16.480179093369593,-372.7730784832054,-10.8977939243896
0.6415707853926963,16.366438174752464,889.4225137437479,-10.949658922251222
0.6430715357678839,18.15881094953379,684.8842881399314,-10.159475388854847
0.6445722861430715,18.42211887952465,-1157.0169259112436,-10.048319172465211
0.6460730365182591,14.68602377821439,3872.9573776625075,-11.742492857487994
0.6468234117058529,19.979304231751392,3869.30347810359,-9.417095104478026
0.6483241620810405,16.226758357039305,-494.55468532128907,-11.013667512521913
0.6490745372686343,16.608242478557294,612.4348817750988,-10.839674794045225
0.6505752876438219,17.839641628291194,1367.6841122005899,-10.295916128383098
0.6520760380190095,20.7133473676036,748.2869329640439,-9.135163356431285
0.6550775387693847,15.956475782716575,955.2984406558753,-11.138509733910157
0.6558279139569785,17.149820565041033,1416.6712503887734,-10.597146726780036
0.6595797898949475,19.207249665006135,-1255.2501757440705,-9.724448300193622
0.6610805402701351,16.24071696792862,-1269.531263499901,-11.007255323391048
0.6648324162081041,18.110613024576807,-1717.8841260132176,-10.179959916473331
0.6655827913956979,16.488948034324984,-3.576106223184979,-10.893804949449065
0.6663331665832917,18.10524618182065,1661.217154195865,-10.182243502403695
0.6670835417708855,18.982020301752502,865.4188300800902,-9.81619321012146
0.6693346673336669,18.88371902598845,155.19218791798266,-9.856529082787668
0.6700850425212607,19.04991121279164,159.91743891338734,-9.78843979185117
0.6753376688344173,17.62638643998811,-1553.3801978904812,-10.388116486883964
0.6760880440220111,16.323303157510477,-530.7895807820023,-10.969388543096406
0.6775887943971985,19.14588829990776,-1020.2621312184729,-9.749350260352932
0.6783391695847923,17.29187293214644,-1404.3141662957532,-10.534409201621695
0.6790895447723861,17.03836328795815,-1762.7541740687539,-10.64662736393665
0.6798399199599799,14.646418944049254,779.3624218739533,-11.761769886165752
0.6805902951475737,18.2079917349926,3693.1920140539905,-10.13861700455141
0.6820910455227613,20.58937847341332,-3194.2075096054177,-9.182071361893003
0.6828414207103551,16.39875069995761,-4445.933695312536,-10.93490116661116
0.6858429214607303,16.72642846225425,686.9488645941528,-10.7862990566474
0.6865932966483241,17.35028533103219,779.9047232523262,-10.508717355036367
0.6873436718359179,17.896870768285762,-114.86045772919351,-10.27131441349156
0.6880940470235117,17.177908456000885,-904.7489441768422,-10.584712730155278
0.6910955477738869,15.103282278319105,1933.644879465639,-11.541032925396076
0.6918459229614807,17.04664533838524,356.0622570166797,-10.642942892825683
0.6925962981490745,15.63764284412703,-1562.2546801375292,-11.28743748908852
0.6940970485242621,14.239989929094929,1121.938291724171,-11.96113117589294
0.6948474237118559,15.85221514203474,1717.2300222871093,-11.187012967902977
0.6978489244622311,15.827947737305626,4341.097452482849,-11.198329974724706
0.6985992996498249,19.901279219188424,-1006.1911622821717,-9.44765365011648
0.6993496748374187,14.31790597300021,-5906.946163173701,-11.922695635821324
0.7023511755877939,15.003361206052876,3117.671572350213,-11.589003763594771
0.7031015507753877,17.884799492684767,1397.466885440599,-10.276498648053591
0.7038519259629815,17.1006101586901,-1426.2741339232616,-10.6189656570273
0.7046023011505753,15.744318051079064,-1704.7621305738212,-11.23740987138454
0.7053526763381691,14.542187751625828,1585.405292023197,-11.812630473410588
0.7061030515257629,18.12361563790728,2133.7995124537556,-10.174429504889568
0.7068534267133567,17.744488170515915,-1089.9311763463793,-10.336953077035616
0.7076038019009505,16.48790101607679,1315.4532454351884,-10.89428116383166
0.7083541770885443,19.71865512214452,3232.3904960654227,-9.519621235042475
0.7113556778389195,16.536701922290977,290.81095982047555,-10.872105930053529
0.7121060530265133,17.008345657943853,-227.15311024645962,-10.659991808497272
0.7128564282141071,16.19580180686357,-1097.4809562925107,-11.027900437041392
0.7143571785892946,14.50484234043314,-887.4737490617965,-11.830898453857545
0.7218609304652326,16.822532144988656,1041.823197258811,-10.743081101329734
0.7226113056528264,17.659289351734017,-325.4884805046531,-10.373836932503242
0.7233616808404202,16.334055185752057,790.8754935145607,-10.964467545283734
0.724112056028014,18.84619604535267,-654.4578807712132,-9.87197289035642
0.7248624312156078,15.35187727564018,-2875.446496392434,-11.422436236603907
0.7263631815907954,16.38317012961171,411.2090855819981,-10.942014788823624
0.7301150575287644,15.337408950132328,321.02245440380284,-11.429309168377998
0.7308654327163582,15.66830413864559,288.2704343692617,-11.273037739186588
0.7323661830915458,15.642589272198022,-630.8531013582697,-11.285113335104262
0.7338669334667334,13.774798081542224,2986.2410701227127,-12.19271648409742
0.7346173086543272,17.602947683996632,3509.935863359342,-10.398300705128456
0.7368684342171086,14.754826644832598,116.46900857967648,-11.709067835548298
0.7383691845922962,16.31197639833385,-1334.72571831206,-10.9745748128156
0.73911955977989,14.420371368061517,1625.9554383761297,-11.872305712563977
0.7398699349674838,18.752129632515143,2200.4122789948906,-9.91080315346477
0.7406203101550776,17.7226409213305,-1883.7701722131696,-10.3463984720218
0.7413706853426714,15.92506083979902,-1445.492895380094,-11.153104105131275
0.742871435717859,16.607409150706875,11.322937014939725,-10.840052034885767
0.7451225612806404,15.135848833564436,-689.7994745767955,-11.5254354375827
0.7458729364682342,14.60921098861893,-516.9780189214714,-11.77990463491398
0.7488744372186094,15.27686694914565,2010.87472286901,-11.45810814995705
0.7496248124062032,17.121276573363307,2114.843493004437,-10.609797243237262
0.7503751875937968,18.450719114734955,367.83157910533373,-10.036322124971074
0.7511255627813906,17.673299953711126,-820.660747316032,-10.367762446709946
0.753376688344172,17.280430856307984,-544.2296055460283,-10.539449074752234
0.7541270635317658,16.7795811217674,199.95754466440485,-10.762375720803623
0.7548774387193596,17.58051721648468,248.23581548900438,-10.408056179056198
0.7556278139069534,17.152121114997524,-803.3538812382767,-10.596127778954289
0.757128564282141,15.248804604915875,2220.724793827867,-11.471478639265332
0.7578789394697348,18.224198908080467,2612.489517908714,-10.131752985631543
0.7601300650325162,14.969817924650156,-848.2971198876339,-11.605146106127306
0.7638819409704852,15.522550294565972,147.17541704650512,-11.341636619288
0.7668834417208604,15.963946402283211,3715.1425712077,-11.135041693062618
0.7676338169084542,19.42104765031049,3467.9536963029936,-9.638228409112848
0.7706353176588294,16.152755790473375,-1179.9269635783858,-11.047720059962062
0.772136068034017,14.313665005506316,-525.2150084534608,-11.924785052984957
0.7751375687843922,16.940728419430414,-1750.941379630247,-10.690155879583346
0.775887943971986,15.134208248302915,-1870.5489731650023,-11.52622074339393
0.7773886943471736,13.93860771296045,-608.6803483025651,-12.110757751292978
0.7781390695347674,13.552399900982774,165.85276278030415,-12.304693991273702
0.7803901950975488,18.5216917845925,-2851.2874107582884,-10.006615899053015
0.7811405702851426,15.11683447432708,-3946.848448554759,-11.534539980587814
0.7856428214107054,13.303777554362185,303.47555394414303,-12.430826286389989
0.7878939469734867,14.781784150097652,961.3584217208227,-11.695993725238992
0.7893946973486743,16.529490683249563,53.93514750821305,-10.875380049595138
0.7901450725362681,16.153271444605647,-1106.7168631018758,-11.047482443161856
0.7908954477238619,14.868584935722978,-988.4691720207975,-11.653980862829666
0.7916458229114557,14.66982596383406,463.44187343104113,-11.750373654046925
0.7931465732866433,17.551393547677566,-245.94043055212933,-10.420736319855456
0.7938969484742371,16.55418025664801,-1590.199295399437,-10.864174101640224
0.7961480740370185,11.21014674075145,-260.26058885151724,-13.530444661211106
0.7976488244122061,12.934295787207487,1266.0968751089383,-12.620098047355333
0.8006503251625813,17.43827176344485,-2421.275044095215,-10.470134597826087
0.8014007003501751,14.885692370643602,-2892.9809232913485,-11.645715866717609
0.8051525762881441,13.575544100073987,477.54638306193556,-12.293003253708845
0.8066533266633317,14.788516902334676,1031.0656212713534,-11.692730352349068
0.8089044522261131,17.861973539620692,-608.812671810505,-10.286308952115066
0.8104052026013007,14.973199735873717,-491.809866572939,-11.603517766757488
0.8126563281640821,18.705126387628283,-2218.1004732222373,-9.930267036170054
0.8134067033516759,16.071257792505293,-1711.3403785466508,-11.085334195338111
0.8141570785392697,16.13683167245071,-11.343869287380585,-11.055060322412189
0.8156578289144573,15.823463204401683,-334.0304185967807,-11.200422455756485
0.8171585792896449,15.134239120384333,10.475574135945863,-11.526205965295222
0.8179089544772387,15.318336057749791,152.34075060890973,-11.438374992603478
0.8186593296648325,15.362864559017016,173.28757433855458,-11.417219351409758
0.8209104552276139,16.522476400835604,-203.3725642162235,-10.878565637581731
0.8224112056028015,15.498407606610074,-302.09373893201087,-11.353035283982928
0.8254127063531765,16.874479031247823,886.7779259573008,-10.71978965857487
0.8269134567283641,18.526709632721133,-2674.213804837771,-10.004519140709276
0.8276638319159579,15.1036564541462,-3350.9143906785725,-11.540853612671771
0.8291645822911455,13.70921108134875,1928.7416731781177,-12.22565542596556
0.8299149574787393,16.228742266794626,-24.018820735929694,-11.012755949445406
0.8306653326663331,13.67316482711774,-2410.6810629655192,-12.243788513115106
0.8329164582291145,14.966378725990866,757.1914949246002,-11.606802279623508
0.8336668334167083,15.580258572847375,1065.9360836415235,-11.314431738218106
0.8344172086043021,16.566082703441882,628.3648685510238,-10.858775792001012
0.8359179589794897,15.451842617761818,764.3109560671446,-11.375049147351184
0.8374187093546773,18.8601626115974,13.979668672165644,-9.866221458782386
0.8389194597298649,15.49380260377132,-670.2842544451378,-11.355210635929373
0.8404202101050525,16.84830391891564,402.1216896417827,-10.731519733674906
0.8411705852926463,16.962291797580292,185.7489732107531,-10.680527498001505
0.8434217108554277,17.608977937018924,-4141.350438231724,-10.395679584741927
0.8441720860430215,13.393701772219352,-4741.489877791647,-12.385090428525814
0.8486743371685843,15.711996731079614,2114.4379023955516,-11.252546519536311
0.8494247123561781,17.498658342832137,961.8349741069474,-10.443735918878009
0.8509254627313657,14.682434490600707,-1392.9816565148167,-11.74423878376207
0.8531765882941471,13.179496619456224,-496.0063201131916,-12.494249209034466
0.8599299649824912,13.307067381661271,-269.82547498549775,-12.429150778391191
0.8636818409204602,11.692924367546222,421.6955157978068,-13.27126913641985
0.868184092046023,18.194164351291903,-1560.0571462279831,-10.14447694752673
0.8696848424212106,14.350129223076951,-3725.1494555751724,-11.90682995439071
0.8704352176088044,11.118248422817452,2570.8186519789724,-13.580126857856992
0.8711855927963982,18.20828627957367,6874.597228580182,-10.138492216854877
0.8734367183591796,16.300271789099693,1871.8861255456322,-10.97993649333554
0.8741870935467734,18.3850959359664,2399.9211233160563,-10.06387164192164
0.8801900950475238,14.61692148103684,-305.6632380417477,-11.776144688405248
0.8816908454227114,14.279027110504677,-1924.9297337351982,-11.94186159799273
0.8824412206103052,12.196871438053073,166.86597364863337,-13.004173050196574
0.883191595797899,14.529451283063908,678.5280269534233,-11.818858018055373
0.8839419709854928,13.215172629078722,-993.3496914941697,-12.476017853469818
0.8846923461730866,13.038681360861547,651.1175569106008,-12.56640650953076
0.8861930965482742,16.676141187204696,183.30452882041027,-10.808979419976696
0.886943471735868,15.973096985919522,-702.2655453000896,-11.130795117838153
0.8891945972986494,15.97694311394348,-401.66085457866234,-11.12901066055416
0.8921960980490246,13.157073054712209,1470.171264046021,-12.505718583658274
0.8929464732366184,14.712289980981096,1149.4856183214492,-11.729722963786983
0.894447223611806,13.666695194811538,949.6668093184217,-12.247045315326393
0.8951975987993998,14.997003506644802,1271.9143266539659,-11.592061847770614
0.897448724362181,14.477184117740132,41.618701399282145,-11.844443072448142
0.8989494747373686,14.812313760152998,58.0217457471872,-11.681202211785754
0.9004502251125562,14.651336431138391,-61.04194835808448,-11.759374922090416
0.9019509754877438,14.629096306351846,-48.72952307787364,-11.770209815102172
0.9034517258629314,14.505074731054728,-407.93093242469877,-11.830784703867556
0.904952476238119,13.404691306577858,-708.234219593377,-12.379510019022243
0.9064532266133066,12.379309189503816,-513.8394436351762,-12.908388511778233
0.912456228114057,13.362528306254926,-116.01490575254502,-12.40093067887061
0.9154577288644322,12.594395287060692,2220.562433097013,-12.796102373614817
0.916208104052026,14.725222291133974,1921.9607920333701,-11.723439966379164
0.9177088544272136,14.855064414060648,-220.99808080302228,-11.660516495096797
0.9192096048024012,14.061896385772224,-45.48469861785361,-12.04936585047088
0.9214607303651826,15.590545029986032,1930.630949037355,-11.309588616679214
0.9222111055527764,17.35229192804001,-1452.8378002755053,-10.507835881302412
0.9229614807403702,13.410198156135843,-3400.6275503256265,-12.376714410841528
0.923711855927964,12.248798856015544,208.1834085958194,-12.97685965892149
0.9252126063031516,17.83169004217077,1408.8446177306446,-10.299339093982333
0.9267133566783392,16.47744703329613,-1491.076513773095,-10.89903701429836
0.9282141070535268,13.356222767213993,-19.023139723215536,-12.404136628529477
0.9297148574287144,16.420349065142407,-1845.7022162493686,-10.925047165929229
0.9304652326163082,13.576863770519688,-2593.5434916300346,-12.292336916332763
0.9319659829914958,13.274020844623182,-138.26591749101772,-12.445989241637127
0.9334667333666832,13.16185851541909,-750.6059638222687,-12.50327020966416
0.9342171085542772,12.34504496135152,-587.5648444825729,-12.926340428650391
0.9357178589294648,12.966934695207586,-165.75305593365965,-12.603291601878915
0.9372186093046524,11.84753703958966,737.4551368316597,-13.188938718627384
0.93871935967984,15.180406841775858,1633.5853614993175,-11.504124502689452
0.9439719859929964,12.965512310689835,992.7888454373533,-12.604023669267464
0.9447223611805904,13.862101801194372,833.3010460297933,-12.148980768879454
0.946223111555778,14.027474411597892,600.5737028900639,-12.066480936791317
0.9469734867433716,14.66211466645182,330.0491385775026,-11.754127039797991
0.9492246123061532,11.92228058406632,-405.016068289553,-13.149258888984765
0.9514757378689344,12.838630617123442,610.9710455658951,-12.669453832193916
0.953726863431716,14.67302566165183,-2156.432798180276,-11.748816535574148
0.9544772386193096,12.311692436081314,-864.7454486750394,-12.943831483336238
0.9552276138069036,13.375258605113023,2109.557850744017,-12.39446011178792
0.9559779889944972,15.477612172064724,2144.993964784652,-11.362861759431068
0.9589794897448723,14.03096007508222,-333.8213213490526,-12.064746918845335
0.961230615307654,13.5296228873268,512.144256132352,-12.316207752018416
0.9627313656828416,15.033440556119336,-1797.8590511554594,-11.574544906053136
0.9634817408704353,12.633882904754731,-2204.5301252919653,-12.775563966107342
0.9657328664332168,14.379205291175106,-1151.3789275225008,-11.892528868680468
0.9672336168084044,10.723619190328703,2265.221008504588,-13.794663541184844
0.967983991995998,14.1871641743366,2953.37679589559,-11.98724780771173
0.9694847423711856,13.629828241834192,890.678510906715,-12.265617131314515
0.9702351175587792,14.771676807020404,1280.1580561131154,-11.70089422384131
0.974737368684342,14.010279803537529,402.3051811349378,-12.075037719696308
0.9762381190595296,14.899892339295413,-1215.8888569725787,-11.638859354636224
0.9769884942471236,13.308929961639258,-1758.9241432058543,-12.428202243882495
0.9807403701850924,13.487398385388216,315.2244838711058,-12.337574465282326
0.98224112056028,14.121146005001425,-465.9810210779342,-12.019952360073802
0.982991495747874,13.438218205938066,-598.646393098112,-12.362497322992652
0.9852426213106552,14.194055603225411,-660.9818978006242,-11.983838086924203
0.9859929964982492,13.448761116115492,-986.7588303475954,-12.357151239007353
0.9874937468734368,11.987303009962789,573.1547608389974,-13.11480455392994
0.9882441220610304,12.997789203277756,395.67151004202606,-12.587419331960088
0.9889944972486244,12.581107177108557,93.49091911755568,-12.803019166923596
0.989744872436218,13.138095735219489,582.2482480247982,-12.515431483107784
0.990495247623812,13.454916453783952,239.59028782964242,-12.354030829317669
0.9919959979989996,13.26632922258156,610.6049934641323,-12.449910921232714
0.9927463731865932,14.000750285156396,107.67439266958536,-12.079782138186678
0.9934967483741872,13.42792160777776,-810.1437229059597,-12.367720239778452
0.9949974987493748,12.071765828970676,-577.2959571079132,-13.070139799628883
0.9964982491245624,11.695167359329792,1082.1060835737148,-13.270072371652038
0.99799899949975,15.319708050802747,1433.9216230599582,-11.43772263844871
1.0002501250625313,15.234335546726925,-1797.3657920518945,-11.478377864705978
1.001000500250125,13.44555645599928,-1626.7657053301555,-12.35877606360626
1.001750875437719,12.792966304110712,-684.4527521416385,-12.69306323434323
1.0025012506253126,12.41836373142445,-270.6270844178662,-12.887948230498594
1.0040020010005002,12.698342926741711,709.3671221508339,-12.742088078907322
1.004752376188094,13.42678535894774,593.9395244127677,-12.368296703230255
1.0062531265632817,13.18708052242784,446.2580566327815,-12.490371945229342
1.0070035017508754,13.749298190999298,1029.2407752609106,-12.205514587558191
1.0077538769384693,14.731714002059151,436.2890661552974,-11.72028712940694
1.008504252126063,14.404059170722494,-2357.58827836591,-11.880315781887818
1.009254627313657,11.193562508762774,-2150.5535732118356,-13.539402463667734
1.0107553776888445,14.353216911022734,767.9504022174265,-11.90531059598998
1.0130065032516258,11.565876459387944,-768.9190551895435,-13.339169641755156
1.0175087543771886,12.32963822084646,1410.5219901944401,-12.934418124102905
1.0182591295647825,13.54324676985859,-821.2311040402619,-12.309319878579176
1.0190095047523762,11.097175333343392,-193.81889523362224,-13.591534557967954
1.01975987993997,13.252372990119644,1257.5225892727722,-12.457029113033473
1.0205102551275638,12.984402831002102,330.01928793467596,-12.594303755829046
1.0212606303151577,13.74764956030706,104.14605576314534,-12.206342383991364
1.0220110055027514,13.140700063263356,-233.31639950026965,-12.514098207654056
1.023511755877939,14.51804902917644,-76.11570728919651,-11.824435529701386
1.0250125062531266,12.912238710719494,-720.4722564768881,-12.631465124710909
1.0265132566283142,12.355551010736551,-75.22984103613089,-12.92083417491735
1.0280140070035018,12.68643628639894,155.39727255537122,-12.748266732716896
1.0340170085042522,12.056522177612743,3671.761694479994,-13.078193169335009
1.0347673836918458,15.165963314644062,2099.445849603138,-11.511028696259212
1.0362681340670334,12.180431205949906,-1050.8992623633972,-13.012828739825329
1.037768884442221,12.011688390091583,1484.511474184721,-13.10189876650724
1.038519259629815,13.724784957946266,757.971271017751,-12.217827562568097
1.0392696348174086,13.149214059453572,462.0942792480146,-12.50974025157429
1.0400200100050023,14.418273120899666,1059.0919408565715,-11.873335800242746
1.0407703851925962,14.738646687051952,-374.75397384361713,-11.716920919701987
1.0422711355677838,11.76991592189681,-962.9118574472955,-13.230229732376396
1.0437718859429714,11.84846602437872,364.50666520959703,-13.188445053563132
1.045272636318159,12.863982951040176,-348.4739775570415,-12.656360118799988
1.046023011505753,12.217874379953274,27.72626657658111,-12.993120895552368
1.0467733866933466,12.905593156007136,830.3376365653887,-12.634891389698192
1.0520260130065031,14.098999678383375,-669.623198289346,-12.03093968213608
1.052776388194097,13.500394576908706,-948.6065355043038,-12.330994970739171
1.0542771385692846,11.623950140616628,-1167.111516578134,-13.308104771175062
1.0550275137568783,10.779403964896966,1877.4849213054604,-13.764222747763736
1.0557778889444722,14.44158634067619,4006.508035373637,-11.861894876689089
1.059529764882441,13.078553505398776,-766.8996042164836,-12.5459431900238
1.061030515257629,11.685343942780168,-359.8745604162609,-13.275314243567614
1.0632816408204102,12.794758402801731,308.1959488653556,-12.692136072856666
1.0647823911955978,13.07256061927708,319.4710303095462,-12.549017278105596
1.0662831415707854,13.753650939998971,-1443.3478282865308,-12.20332923665664
1.067033516758379,11.958799763698458,-1594.1034048263255,-13.129900516148885
1.067783891945973,11.36129965711839,-844.7892628550071,-13.448965422917585
1.0692846423211606,9.947846673886016,-120.56597622967274,-14.221507940998908
1.0707853926963482,10.999420788995309,1193.8968828162779,-13.644525870070463
1.071535767883942,12.080333156334174,668.2298802943023,-13.06561507527093
1.0722861430715358,12.002267032558205,225.52836455321176,-13.106883938480577
1.0737868934467234,13.329916860817926,334.5019930181752,-12.417518332833634
1.074537268634317,13.37450739739529,-1160.9307975607471,-12.394841863915246
1.075287643821911,11.587649530811255,-1355.3699203342298,-13.327517352877138
1.0767883941970986,12.63286524776714,529.1019520545688,-12.776092973813665
1.0805402701350677,13.04820410605368,700.2498145099071,-12.561516934854051
1.0812906453226614,13.662130654832584,-406.12875629741575,-12.249343508917924
1.082041020510255,12.438706222665951,-1432.8893831117732,-12.877310479832358
1.0872936468234118,12.175043578236105,389.35838479840095,-13.015666157970058
1.0880440220110057,12.514327158284154,644.1158348002828,-12.83782045469074
1.090295147573787,15.260717422296525,-2169.9267893397155,-11.465801026673772
1.091045522761381,12.784550653029362,-3530.9613973940595,-12.697417826321646
1.0917958979489746,9.961625780384566,137.40159758305163,-14.213873947530212
1.0925462731365685,12.990756152155232,1712.0293544618644,-12.591035980955468
1.0932966483241622,12.530954476426423,417.0416619937423,-12.829149082909504
1.094047023511756,13.616631582861656,577.6619604562907,-12.27227037217948
1.0955477738869437,11.874702368780907,-1556.2079109383048,-13.174508028970545
1.0962981490745374,10.558574967643384,-1232.5342730847842,-13.884935704397694
1.0985492746373189,11.305363941302192,1474.9923888966587,-13.47908290125736
1.0992996498249124,12.698117642696356,1151.5134644490565,-12.74220496423206
1.101550775387694,10.53213991297312,-331.5246094809495,-13.89942316367548
1.1038019009504751,11.205510596508145,632.5101695339308,-13.53294847076908
1.104552276138069,11.76351821449636,483.378896907323,-13.233636803004464
1.1053026513256627,11.930941657399693,-529.239610092769,-13.144666036591987
1.1060530265132569,10.969261671084713,488.95428431779055,-13.6608986648587
1.1068034017008503,12.664739983036842,513.6236757804254,-12.759531081049788
1.1075537768884445,11.740082595215092,-195.00824674002615,-13.246122222310843
1.108304152076038,12.372081283575692,668.0847060589731,-12.912173940242976
1.1105552776388194,12.699863327977807,-1269.6752181957472,-12.741299261399432
1.1113056528264131,11.39313272743984,-1172.2272121383044,-13.431843957081668
1.1128064032016007,11.34239384432772,-204.76461662507654,-13.459140280320751
1.115807903951976,9.701545925424822,565.522724763307,-14.35824365914441
1.1188094047023511,14.737227609790304,-3581.0227771981754,-11.717609894875014
1.119559779889945,11.063609206744584,-1869.576262641649,-13.609716791619556
1.1203101550775387,11.931460332187678,1002.1921535873305,-13.144391024187204
1.123311655827914,13.086244830158392,-164.18029887490775,-12.541998708437866
1.1240620310155078,12.860074770825843,-433.2727321390205,-12.65837792417878
1.1263131565782891,10.994200012921585,-526.9060390962568,-13.647359323492
1.127063531765883,10.67434980655827,-275.74733449135647,-13.821579158209213
1.1293146573286643,11.070034169658134,413.5547872427651,-13.606235396557835
1.1323161580790395,13.262926978462689,-3090.155323158295,-12.4516459039933
1.1330665332666334,10.227401327525744,-1299.8823250417172,-14.066976549866592
1.1338169084542271,11.312128091455383,314.4602885280674,-13.475438695282108
1.1345672836418208,10.699327723515772,-485.1247714893615,-13.807930334776104
1.137568784392196,13.223621782297014,-1022.3901094805515,-12.471703087901476
1.1390695347673836,10.291019757015162,-1455.3500306388391,-14.031916905959823
1.145072536268134,13.53031007131438,-270.1459885658328,-12.315860257874476
1.1480740370185092,11.504222411652782,-142.4139242553856,-13.372199973869968
1.1495747873936968,11.690152701180867,101.8196659065477,-13.272748075683978
1.152576288144072,11.86326695393289,-1257.3802927552333,-13.180581444875424
1.153326663331666,10.673063596819482,-1277.7071222614513,-13.822282183786152
1.1540770385192596,9.945747510819013,-362.900547492,-14.222671084066093
1.156328164082041,13.22385348799875,-426.45574665751064,-12.471584777779364
1.157828914457229,10.700244795145323,-713.5622094390565,-13.807429351399763
1.1585792896448224,10.527987903206933,-255.68006740142528,-13.90169933526114
1.16008004002001,10.06587959971873,496.11112269827026,-14.156171125853408
1.1615807903951976,12.017065810255271,880.2504330459687,-13.09905395711174
1.1623311655827917,12.520046383360878,-657.6950239044527,-12.8348373290411
1.1630815407703852,11.030029756373418,-1076.347540796838,-13.627920370542984
1.163831915957979,10.90471740767882,-269.56724862880947,-13.695975986382852
1.165332666333167,10.192307353903107,425.6035393486636,-14.086334097817376
1.1660830415207604,10.849453370865527,870.0923120140997,-13.72605006399597
1.1668334167083545,11.498098717606103,828.4548048984061,-13.375483469339372
1.167583791895948,12.092757230142828,665.6319784315538,-13.059055351945576
1.1690845422711356,12.710965504098752,-1604.6820637101628,-12.73554028574851
1.1698349174587297,10.750243028731187,-1129.397366436262,-13.780130818391552
1.1705852926463232,11.016021982681671,-356.5007062506031,-13.635518205985516
1.1720860430215108,8.347850460897611,2636.257625086315,-15.116146668891592
1.1728364182091044,11.982166806297434,2306.3616080723305,-13.11752394249658
1.1735867933966984,11.809123509529307,-868.1328922213725,-13.209362434156985
1.174337168584292,10.679316042583796,-504.66259967324004,-13.818864856678363
1.175087543771886,11.051750923726988,569.3968747425743,-13.616143613679805
1.1758379189594796,11.533838615984328,-1203.5557828824712,-13.356327057256324
1.1765882941470736,9.245514131006097,-2306.9516470462845,-14.61263076640292
1.1795897948974488,11.237120392207508,-1797.292764853757,-13.515882687724448
1.1803401700850424,9.426840131397611,111.41655622997496,-14.51131394184171
1.1810905452726363,11.404328830772874,2018.5264818023393,-13.425825308634971
1.1840920460230115,10.05755338968411,-153.03065723536997,-14.160775819760996
1.1878439219609804,10.870047924916069,3.1571299595541404,-13.714838430776332
1.1908454227113556,10.367108452664326,-572.0628841682246,-13.990039827050335
1.1915957978989495,9.861964927150996,-757.3349163129423,-14.269126906272216
1.1938469234617308,7.588832697974593,3334.882428569759,-15.5412453677791
1.1945972986493247,11.17795364958335,2717.5759715210042,-13.547836653694503
1.1953476738369184,11.66723585683646,-2008.4533733109538,-13.284980395812925
1.1960980490245123,8.163766496038956,-3815.297987090657,-15.21948701134955
1.1998499249624812,9.863352232278812,708.154933460246,-14.268357170416348
1.2006003001500751,10.433027072078156,583.47825132067,-13.953809443575484
1.2036018009004503,10.07478168112334,-565.0073124924911,-14.151248681836728
1.204352176088044,9.567212682928828,149.2259820632671,-14.433027341683625
1.2058529264632316,12.269341521415107,-629.913984852421,-12.966065365292629
1.2066033016508255,10.884801574965808,-1333.6312784321171,-13.706809713438163
1.2073536768384192,10.267893879945964,-445.50887316006356,-14.044656627717767
1.208104052026013,10.216203966421537,223.64940345413834,-14.07315158094593
1.2096048024012005,11.429889398952248,25.369158905990844,-13.41209105636888
1.211105552776388,10.292349515914257,2876.6568430620828,-14.031184527536102
1.211855927963982,13.81459236405802,320.35684414240495,-12.172765549312428
1.2126063031515757,10.773125169956828,-2765.3331137961377,-13.767647152799135
1.2133566783391696,9.664517656010348,-518.7694985396784,-14.378843545903038
1.2141070535267633,9.994581650387095,1307.637459036032,-14.195622523603625
1.2148574287143572,11.626955063268417,847.0885366675125,-13.30649862943957
1.2163581790895448,8.911266729407345,1566.6718726476083,-14.79984780637545
1.2171085542771385,11.35357636337588,521.0778193749529,-13.45312142771991
1.2178589294647324,9.693274462335026,644.4193365386709,-14.362844373010793
1.218609304652326,12.320688924463164,2673.5203561320745,-12.939111828100994
1.2216108054027013,10.404924305774175,725.0266186073659,-13.96924969608488
1.2223611805902952,11.204712075627391,272.3871077241829,-13.533379750197586
1.2231115557778889,10.81370935988786,-477.17681053360303,-13.745521091003944
1.226863431715858,9.84692809179082,319.9252264687684,-14.277471049204642
1.2283641820910456,10.673792159803307,252.27071195218673,-13.8218839583622
1.2306153076538269,10.23308062781686,1355.2179612633536,-14.063845057628056
1.2313656828414208,11.637944485033607,1120.7574836053825,-13.3006258011777
1.233616808404202,9.086033054176369,-106.01574114055438,-14.701894626485574
1.2351175587793897,9.955043973514451,1239.8121563479235,-14.21752023021424
1.2358679339669836,11.133277662781108,1401.8818623007883,-13.571994367310255
1.2373686843421712,12.731967098165052,-1460.7912640435643,-12.724651420479429
1.2381190595297649,10.6880824611314,-1540.081750571293,-13.814074255191771
1.2388694347173588,10.420688833176138,-273.7518116049532,-13.96058728853142
1.2396198099049525,10.277249327156945,-100.04915546935308,-14.039502181929322
1.24112056028014,10.400560928410345,-99.73995850333995,-13.971647786249257
1.2441220610305153,9.009205842526244,2187.0255893829417,-14.744939457265838
1.244872436218109,11.147527706525691,2379.035208651011,-13.56428615727254
1.248624312156078,11.244550836042697,-1089.6104778331246,-13.511872945696233
1.2501250625312657,8.939700468537035,-654.6344892074103,-14.783903073695864
1.252376188094047,10.441452713091692,167.980353763601,-13.949181873649978
1.255377688844422,8.948121646690613,2554.2594579486376,-14.779181306981094
1.256128064032016,11.437270988243895,380.3393996994928,-13.40812638810202
1.2568784392196095,9.518916143492165,-277.2987852542101,-14.459947038055612
1.2576288144072036,11.02111473223761,1191.8597949675232,-13.632755609502508
1.258379189594797,11.307600177961769,-175.7575931241663,-13.477878055846844
1.259879939969985,9.370353573593857,286.5933385342287,-14.542854334819914
1.2606303151575788,10.177244019934514,892.7942549592917,-14.094646679381086
1.2651325662831416,9.266275526681172,301.56185320904024,-14.601020267603882
1.2666333166583292,9.97091966728141,-319.8945187423142,-14.208725858156356
1.267383691845923,9.434697267864236,-527.4339668446148,-14.506928400253248
1.2688844422211103,9.204946694647068,5.568069259342565,-14.635324407933547
1.271135567783892,9.753221541998618,-344.2145561919342,-14.329513319052944
1.2726363181590796,8.648576958147922,21.10864359207244,-14.947266713219427
1.273386693346673,8.948497207703216,444.35634105135614,-14.778970735493276
1.274887443721861,9.749420046131137,358.06255721204116,-14.331626117191956
1.2763881940970483,10.023222241856574,139.2542185554238,-14.1797690786761
1.2801400700350176,10.14058445007795,81.38193634054574,-14.114886335162202
1.2831415707853926,10.505154934203873,-19.274189228097384,-13.914219993539897
1.285392696348174,10.224153951754785,-166.08230670771331,-14.068767256751082
1.2883941970985493,9.560553528069574,-343.8560417234926,-14.43673804313989
1.289894947473737,8.952390508550296,-154.84209770846428,-14.776787850461693
1.2913956978489245,9.095794855607949,44.65575828089311,-14.69642716885624
1.2951475737868934,8.7859177139481,364.69358119311164,-14.870170711297456
1.296648324162081,9.601737696939386,1379.98659824887,-14.413794096009088
1.2973986993496749,10.951044254998695,744.6245670213966,-13.670793967932545
1.2988994497248625,8.906304817756517,-193.40179626249665,-14.802630579481985
1.2996498249124562,9.19980381333978,423.2418248151889,-14.63820200112988
1.3011505752876438,9.931348813166004,-330.7225917074629,-14.230650448966951
1.3026513256628314,8.207139706163801,-403.20156272739223,-15.195145137804232
1.3034017008504253,8.18436331050987,1208.94466872069,-15.207928341209607
1.304152076038019,10.021463871326873,1679.177167866349,-14.180742171285264
1.3049024512256129,10.7043890751914,220.35653335667257,-13.80516551080785
1.3064032016008005,8.964788710064202,-183.50030324270256,-14.769836841969155
1.307903951975988,10.153612777314352,108.66150427351886,-14.107691915719686
1.3094047023511757,9.290936296678066,-215.70914143753407,-14.587232307281866
1.3109054527263633,9.506161627426804,108.48632294350347,-14.467058973858729
1.3161580790395198,9.43392284105269,886.2086979887426,-14.507360636372598
1.3169084542271137,10.195384551142729,-402.486695147315,-14.084636248369934
1.3176588294147074,8.82989078230297,-1353.20684380225,-14.845495760419135
1.3206603301650826,10.369534298316644,-762.870070740124,-13.988705707663218
1.3214107053526762,9.5577581130143,-912.6273364781389,-14.438295837265173
1.3236618309154575,8.645988874980475,-640.5258743388567,-14.948719864119566
1.3244122061030514,8.106450270607656,1409.5397759652496,-15.25164510822712
1.3251625812906451,10.761356222601222,379.1015081900123,-13.774067094598056
1.325912956478239,8.675387001256599,-1715.8243791573327,-14.93221408679543
1.3274137068534266,9.2941916443042,533.0730906636695,-14.58541249032616
1.3289144572286142,10.275406282888428,459.2514935127604,-14.040517548501027
1.3356678339169583,7.464050668627761,-132.6629732646743,-15.610716284912815
1.337168584292146,7.359545925095627,1709.1971620786362,-15.668750997437265
1.3379189594797398,9.309480822673365,901.1227287925158,-14.57686631104397
1.3386693346673335,8.711906198421822,-1291.2314161548475,-14.911712213911434
1.3394197098549274,7.371664790424744,-1173.15999635858,-15.662028567603368
1.341670835417709,8.870115634254995,1031.0966734452013,-14.822928943469035
1.3424212106053026,9.735233575736542,880.8566734471057,-14.339511724923891
1.3454227113556778,9.112806343651709,-470.8445630717106,-14.686900327380902
1.3461730865432715,8.710070448979009,-501.57577959368837,-14.912742743092611
1.348424212106053,7.81825326457241,1477.8590910339008,-15.413116335123837
1.349174587293647,9.395942453069104,447.55205564795506,-14.528563726885224
1.3499249624812406,8.489917180002793,448.5379492703014,-15.036363630110264
1.3506753376688343,10.069085948722284,-61.23452071294105,-14.154398074685966
1.3514257128564282,8.398019450067453,-1485.1675181951296,-15.087973616967568
1.352176088044022,7.8402202385741795,-830.8579558108413,-15.400825697537291
1.3529264632316158,7.151109061156695,-629.6470487924332,-15.784019372046718
1.3544272136068034,7.072724636693078,29.05445820415332,-15.827172755033992
1.3581790895447725,7.944157818784836,886.2659288763125,-15.342629584891554
1.35967983991996,9.666818005038104,-157.46824795382418,-14.377563482480593
1.3604302151075538,9.058912559327322,-1057.984725499774,-14.717086757196975
1.3611805902951477,8.07904703130146,-1004.2635909709343,-15.26701598826988
1.3619309654827414,7.551763598390313,-1053.69958181328,-15.561901411616772
1.362681340670335,6.497706988560399,-584.5422670259456,-16.139284803110616
1.364182091045523,8.082177348225049,-226.45249609056827,-15.265260293191158
1.3649324662331166,7.431173256956617,-388.6201916438911,-15.628989607178994
1.3664332166083042,8.285523926785805,348.80131198352797,-15.15114275880756
1.3686843421710857,8.326223794014624,216.26790200510186,-15.1282905800853
1.3694347173586794,8.538077676594842,158.89643988464366,-15.009316652518985
1.371685842921461,8.06217608400952,31.276845906788367,-15.276477690181697
1.3724362181090546,8.14634653089406,108.29545959892494,-15.2292618776507
1.3739369684842422,8.29723809822845,540.9810970743692,-15.144565750984928
1.374687343671836,8.868423394697778,13.430555914117576,-14.82387821802865
1.3754377188594298,8.317394010055871,-600.1792257478742,-15.133248545514924
1.378439219609805,8.126672182118671,-146.43026117552836,-15.240300572877114
1.3791895947973989,8.001245252990978,-133.464042542779,-15.310639199525744
1.3806903451725865,7.902064333741278,-23.608958376801752,-15.36620630807862
1.3836918459229617,8.086201091889436,399.90749205702105,-15.263003447205676
1.385192596298149,8.94040888046959,-1322.7339983306656,-14.783505856046451
1.385942971485743,7.2380367751229535,-1685.7570035454344,-15.736032728061105
1.3881940970485245,7.379982989964448,-155.57669524284938,-15.657413209234
1.389694847423712,6.927759477107986,415.9604583023224,-15.90665314431713
1.3911955977988997,8.62848861768528,-796.4330526103577,-14.958546119491444
1.3919459729864931,7.306870930654266,187.26689485861425,-15.697945646073176
1.392696348174087,8.909529480406253,204.46223988932707,-14.800822092538764
1.3934467233616807,7.613717713880727,-591.0488755034121,-15.527370611755504
1.3941970985492746,8.022512658740803,249.73778541955835,-15.29871731469173
1.3949474737368683,7.988511789047782,-235.002230937911,-15.317776164530049
1.3956978489244622,7.669832972490726,268.9005137808017,-15.49606088061503
1.396448224112056,8.39206433599215,760.0495438440735,-15.09131790186028
1.3986993496748374,8.735849892989064,-33.12726338385801,-14.898271647067611
1.400200100050025,8.50019672384779,0.6293683266549124,-15.03059056605418
1.4009504752376187,8.55981840969736,-214.69797746867062,-14.997107414840707
1.4024512256128063,7.354707455584537,-359.030547892683,-15.671434355169527
1.403951975987994,7.4821879507898545,-44.9648319906637,-15.60062978907283
1.4047023511755878,7.399707085628328,490.0275505396585,-15.646465482537335
1.4054527263631815,8.217596981114239,805.756636067551,-15.18927556185782
1.4062031015507754,8.608946659516477,26.240640171409723,-14.969519253075491
1.407703851925963,7.161689897655202,-754.280658369666,-15.77818549831808
1.4129564782391195,7.061790278996599,479.50134779413565,-15.833183084044684
1.4137068534267134,7.475035805355831,493.178130906825,-15.604607716286846
1.4204602301150575,7.308325094936863,-54.34165386024688,-15.69714023907996
1.422711355677839,7.163741992367469,1335.599903611167,-15.77705381786122
1.4234617308654327,8.516074819171562,385.12395996306077,-15.021673370175218
1.4242121060530266,7.741716919775135,-799.1730029489469,-15.455911021073604
1.4272136068034016,8.137851469961166,-610.5518026815134,-15.234028362247855
1.4279639819909955,7.540414406233328,-523.6557009081437,-15.568222555136767
1.429464732366183,7.572533192323147,-15.587254127132042,-15.550329759475382
1.4324662331165583,7.303702583087247,625.3030688249733,-15.699700364063215
1.433966983491746,8.778545958113776,-699.5374011726881,-14.874307783747064
1.4347173586793396,7.622461851406657,-844.1310832107793,-15.522493792964802
1.4354677338669335,7.511715918277996,-216.70005318287258,-15.58420025588636
1.4377188594297148,6.557153199731713,-169.6418909426502,-16.107459758761166
1.4399699849924965,6.747945523839037,-59.17557218891875,-16.00455819438123
1.4422211105552776,6.290729913238523,861.1075680629692,-16.249081265221736
1.4429714857428717,7.203069984981848,1458.432190536084,-15.755351045822106
1.4437218609304652,8.479472570370898,411.84731614440534,-15.042229412806863
1.4452226113056528,5.228102271481878,663.1154069537424,-16.775119074154112
1.445972986493247,6.787322868039175,1727.2573541808258,-15.983189053667424
1.4474737368684345,8.326986848810455,-1639.516038892485,-15.127862116123904
1.448224112056028,6.096692620748582,-694.872682631144,-16.350373085726147
1.448974487243622,7.284156409647186,338.83147478684623,-15.710522181747272
1.4497248624312156,6.605194083661966,-294.4025723769482,-16.08165485594123
1.4504752376188097,6.8423316386971,1415.3106922038542,-15.953268543038808
1.4512256128064032,8.729222135992456,-657.2881707544379,-14.901991955256996
1.451975987993997,5.855906169828336,-2256.6864943503297,-16.47340099941951
1.453476738369185,7.18900072525218,661.4519408951892,-15.76311812927636
1.4542271135567784,7.600232772746402,-185.29042718209985,-15.534889987823624
1.4549774887443725,6.910926047138996,-371.73467998367596,-15.915852417337504
1.455727863931966,7.042351812289931,78.09379448963989,-15.84386197545919
1.4579789894947477,6.562715674211428,589.323228618764,-16.10447575213686
1.4587293646823412,7.205626616079544,-27.357231656616932,-15.753939265870166
1.459479739869935,6.521659298537887,-561.7914330328363,-16.12647622195678
1.4609804902451229,6.728202457000519,-131.77817580054102,-16.015256281847556
1.463231615807904,5.521857300056865,-199.8488682179601,-16.63795717508592
1.4662331165582791,6.266829013926689,-381.55836989342606,-16.261649730647775
1.4677338669334667,5.221650285298942,2864.561502237074,-16.77803710133819
1.4684842421210604,8.707188779377844,2662.1939490415034,-14.9143604307952
1.469984992496248,6.750900506597861,-608.3541605730616,-16.00295606062804
1.470735367683842,6.555231773747646,10.871021665232547,-16.1084902758965
1.4714857428714356,6.767215196440509,236.05673908936387,-15.994106249423414
1.4722361180590295,6.909494013501551,106.67000895748095,-15.916634702015417
1.4744872436218108,6.589494995737707,-234.68540490545365,-16.09009573350108
1.4752376188094047,6.390247635847272,-212.40661214520915,-16.196495524625604
1.4797398699349675,6.868997231647455,-202.84758101078387,-15.93873689554898
1.4812406203101551,6.409904721036995,82.55758545165236,-16.186062270919653
1.4827413706853427,7.116793886329754,44.81735583495629,-15.80292537595938
1.4834917458729364,6.990516342694776,-823.6248559790802,-15.872300603136315
1.4842421210605303,5.880738574705027,-246.82871918882756,-16.460866719125963
1.484992496248124,6.620088049764521,-99.05294153857767,-16.07363965380631
1.485742871435718,5.73208483552709,-771.2876103164285,-16.53531517199148
1.4864932466233116,5.462577879204411,-210.8262935825818,-16.66626961145126
1.4894947473736868,6.610712788433463,116.97361986512988,-16.078685773115538
1.4909954977488744,6.587001366975668,-33.968783507087664,-16.09143574924031
1.492496248124062,6.508755459247607,175.16069860725383,-16.133379062333223
1.493246623311656,6.725471299294385,240.19880577748336,-16.0167353435299
1.4947473736868435,6.940043282777938,-228.8243810875465,-15.89993606079974
1.4954977488744372,6.628844080080212,-232.74874428642056,-16.068924350572345
1.4969984992496248,6.8257475949345165,-62.81386468359551,-15.962297179527695
1.4992496248124063,6.029209945296428,-644.8655849281613,-16.38517376965349
